{
	"start": {
		"connected": [
			{
				"socket": 5,
				"local_host": "192.168.10.2",
				"local_port": 34714,
				"remote_host": "192.168.10.1",
				"remote_port": 5201
			}
		],
		"version": "iperf 3.7",
		"system_info": "Linux kvm 5.17.0-rc5-01810-g0cc70c6eecf1-dirty #5 SMP PREEMPT Sat Mar 5 06:01:51 UTC 2022 x86_64",
		"timestamp": {
			"time": "Fri, 1 April 2022 10:01:21 GMT",
			"timesecs": 1648202481
		},
		"connecting_to": {
			"host": "192.168.10.1",
			"port": 5201
		},
		"cookie": "5zatf6pbdjlxlatri6pkkprmtfxane6pxnp2",
		"tcp_mss_default": 1442,
		"sock_bufsize": 0,
		"sndbuf_actual": 16384,
		"rcvbuf_actual": 131072,
		"test_start": {
			"protocol": "TCP",
			"num_streams": 1,
			"blksize": 131072,
			"omit": 0,
			"duration": 10,
			"bytes": 0,
			"blocks": 0,
			"reverse": 0,
			"tos": 0
		}
	},
	"intervals": [
		{
			"streams": [
				{
					"socket": 5,
					"start": 0,
					"end": 1.068734,
					"seconds": 1.0687340497970581,
					"bytes": 17525314,
					"bits_per_second": 131185594.79472284,
					"retransmits": 0,
					"snd_cwnd": 194670,
					"rtt": 2970,
					"rttvar": 729,
					"pmtu": 1494,
					"omitted": false,
					"sender": true
				}
			],
			"sum": {
				"start": 0,
				"end": 1.068734,
				"seconds": 1.0687340497970581,
				"bytes": 17525314,
				"bits_per_second": 131185594.79472284,
				"retransmits": 0,
				"omitted": false,
				"sender": true
			}
		},
		{
			"streams": [
				{
					"socket": 5,
					"start": 1.068734,
					"end": 2.06774,
					"seconds": 0.99900597333908081,
					"bytes": 17039360,
					"bits_per_second": 136450515.45025373,
					"retransmits": 0,
					"snd_cwnd": 203322,
					"rtt": 3024,
					"rttvar": 731,
					"pmtu": 1494,
					"omitted": false,
					"sender": true
				}
			],
			"sum": {
				"start": 1.068734,
				"end": 2.06774,
				"seconds": 0.99900597333908081,
				"bytes": 17039360,
				"bits_per_second": 136450515.45025373,
				"retransmits": 0,
				"omitted": false,
				"sender": true
			}
		},
		{
			"streams": [
				{
					"socket": 5,
					"start": 2.06774,
					"end": 3.058067,
					"seconds": 0.990327000617981,
					"bytes": 17039360,
					"bits_per_second": 137646332.89301127,
					"retransmits": 0,
					"snd_cwnd": 214858,
					"rtt": 2959,
					"rttvar": 778,
					"pmtu": 1494,
					"omitted": false,
					"sender": true
				}
			],
			"sum": {
				"start": 2.06774,
				"end": 3.058067,
				"seconds": 0.990327000617981,
				"bytes": 17039360,
				"bits_per_second": 137646332.89301127,
				"retransmits": 0,
				"omitted": false,
				"sender": true
			}
		},
		{
			"streams": [
				{
					"socket": 5,
					"start": 3.058067,
					"end": 4.043413,
					"seconds": 0.98534601926803589,
					"bytes": 17039360,
					"bits_per_second": 138342143.09939718,
					"retransmits": 0,
					"snd_cwnd": 214858,
					"rtt": 4448,
					"rttvar": 612,
					"pmtu": 1494,
					"omitted": false,
					"sender": true
				}
			],
			"sum": {
				"start": 3.058067,
				"end": 4.043413,
				"seconds": 0.98534601926803589,
				"bytes": 17039360,
				"bits_per_second": 138342143.09939718,
				"retransmits": 0,
				"omitted": false,
				"sender": true
			}
		},
		{
			"streams": [
				{
					"socket": 5,
					"start": 4.043413,
					"end": 5.026724,
					"seconds": 0.9833109974861145,
					"bytes": 17039360,
					"bits_per_second": 138628450.55989006,
					"retransmits": 0,
					"snd_cwnd": 214858,
					"rtt": 3707,
					"rttvar": 781,
					"pmtu": 1494,
					"omitted": false,
					"sender": true
				}
			],
			"sum": {
				"start": 4.043413,
				"end": 5.026724,
				"seconds": 0.9833109974861145,
				"bytes": 17039360,
				"bits_per_second": 138628450.55989006,
				"retransmits": 0,
				"omitted": false,
				"sender": true
			}
		},
		{
			"streams": [
				{
					"socket": 5,
					"start": 5.026724,
					"end": 6.026421,
					"seconds": 0.99969702959060669,
					"bytes": 17039360,
					"bits_per_second": 136356191.89128062,
					"retransmits": 0,
					"snd_cwnd": 214858,
					"rtt": 8766,
					"rttvar": 555,
					"pmtu": 1494,
					"omitted": false,
					"sender": true
				}
			],
			"sum": {
				"start": 5.026724,
				"end": 6.026421,
				"seconds": 0.99969702959060669,
				"bytes": 17039360,
				"bits_per_second": 136356191.89128062,
				"retransmits": 0,
				"omitted": false,
				"sender": true
			}
		},
		{
			"streams": [
				{
					"socket": 5,
					"start": 6.026421,
					"end": 7.042268,
					"seconds": 1.0158469676971436,
					"bytes": 17039360,
					"bits_per_second": 134188400.74801485,
					"retransmits": 4,
					"snd_cwnd": 181692,
					"rtt": 3210,
					"rttvar": 709,
					"pmtu": 1494,
					"omitted": false,
					"sender": true
				}
			],
			"sum": {
				"start": 6.026421,
				"end": 7.042268,
				"seconds": 1.0158469676971436,
				"bytes": 17039360,
				"bits_per_second": 134188400.74801485,
				"retransmits": 4,
				"omitted": false,
				"sender": true
			}
		},
		{
			"streams": [
				{
					"socket": 5,
					"start": 7.042268,
					"end": 8.041239,
					"seconds": 0.99897098541259766,
					"bytes": 17039360,
					"bits_per_second": 136455294.488557,
					"retransmits": 0,
					"snd_cwnd": 181692,
					"rtt": 3335,
					"rttvar": 791,
					"pmtu": 1494,
					"omitted": false,
					"sender": true
				}
			],
			"sum": {
				"start": 7.042268,
				"end": 8.041239,
				"seconds": 0.99897098541259766,
				"bytes": 17039360,
				"bits_per_second": 136455294.488557,
				"retransmits": 0,
				"omitted": false,
				"sender": true
			}
		},
		{
			"streams": [
				{
					"socket": 5,
					"start": 8.041239,
					"end": 9.038071,
					"seconds": 0.996832013130188,
					"bytes": 17039360,
					"bits_per_second": 136748096.17314833,
					"retransmits": 0,
					"snd_cwnd": 181692,
					"rtt": 4007,
					"rttvar": 719,
					"pmtu": 1494,
					"omitted": false,
					"sender": true
				}
			],
			"sum": {
				"start": 8.041239,
				"end": 9.038071,
				"seconds": 0.996832013130188,
				"bytes": 17039360,
				"bits_per_second": 136748096.17314833,
				"retransmits": 0,
				"omitted": false,
				"sender": true
			}
		},
		{
			"streams": [
				{
					"socket": 5,
					"start": 9.038071,
					"end": 10.036908,
					"seconds": 0.99883699417114258,
					"bytes": 17039360,
					"bits_per_second": 136473599.59181044,
					"retransmits": 0,
					"snd_cwnd": 181692,
					"rtt": 3270,
					"rttvar": 678,
					"pmtu": 1494,
					"omitted": false,
					"sender": true
				}
			],
			"sum": {
				"start": 9.038071,
				"end": 10.036908,
				"seconds": 0.99883699417114258,
				"bytes": 17039360,
				"bits_per_second": 136473599.59181044,
				"retransmits": 0,
				"omitted": false,
				"sender": true
			}
		}
	],
	"end": {
		"streams": [
			{
				"sender": {
					"socket": 5,
					"start": 0,
					"end": 10.036908,
					"seconds": 10.036908,
					"bytes": 170879554,
					"bits_per_second": 136200952.72368741,
					"retransmits": 4,
					"max_snd_cwnd": 214858,
					"max_rtt": 8766,
					"min_rtt": 2959,
					"mean_rtt": 3969,
					"sender": true
				},
				"receiver": {
					"socket": 5,
					"start": 0,
					"end": 10.039841,
					"seconds": 10.036908,
					"bytes": 170879554,
					"bits_per_second": 136161163.50846595,
					"sender": true
				}
			}
		],
		"sum_sent": {
			"start": 0,
			"end": 10.036908,
			"seconds": 10.036908,
			"bytes": 170879554,
			"bits_per_second": 136200952.72368741,
			"retransmits": 4,
			"sender": true
		},
		"sum_received": {
			"start": 0,
			"end": 10.039841,
			"seconds": 10.039841,
			"bytes": 170879554,
			"bits_per_second": 136161163.50846595,
			"sender": true
		},
		"cpu_utilization_percent": {
			"host_total": 96.466573479044285,
			"host_user": 0,
			"host_system": 96.466573479044285,
			"remote_total": 33.937813351517988,
			"remote_user": 0.053566766888417175,
			"remote_system": 33.884235865916835
		},
		"sender_tcp_congestion": "cubic",
		"receiver_tcp_congestion": "cubic"
	}
}
